<?xml version="1.0" encoding="UTF-8" standalone="yes"?>
<addon id="script.pinsentry" name="PinSentry" version="2.2.4" provider-name="robwebset">
	<requires>
		<import addon="xbmc.python" version="2.24.0"/>
		<import addon="script.module.simplejson" version="3.3.0"/>
	</requires>
	<extension point="xbmc.python.pluginsource" library="plugin.py">
		<provides>video</provides>
	</extension>
	<extension point="xbmc.service" library="service.py" start="login"/>
	<extension point="xbmc.python.script" library="default.py"/>
	<extension point="xbmc.ui.screensaver" library="screensaver.py"/>
	<extension point="xbmc.addon.metadata">
		<summary lang="bg">Защитава съдържанието на Kodi с PIN код</summary>
		<summary lang="de">Kodi-Inhalt mit einem PIN-Code sichern</summary>
		<summary lang="el">Προστασία περιεχομένου Kodi με κωδικό PIN</summary>
		<summary lang="en">Protect Kodi Content With A Pin Code</summary>
		<summary lang="en_NZ">Protect Kodi Content With A PIN Code</summary>
		<summary lang="en_US">Protect Kodi Content With A Pin Code</summary>
		<summary lang="fr">Protéger le contenu de Kodi avec un code PIN</summary>
		<summary lang="fr_CA">Protéger le contenu de Kodi avec un NIP</summary>
		<summary lang="he">להגן על תוכן Kodi באמצעות קוד PIN</summary>
		<summary lang="ko">PIN 코드로 Kodi 콘텐츠를 보호합니다</summary>
		<summary lang="lt">Apsaugoti Kodi turinį PIN kodu</summary>
		<summary lang="nl">Bescherm Kodi inhoud met een PINcode</summary>
		<summary lang="pl">Umożliwia zabezpieczenie zawartości Kodi przy pomocy kodu PIN.</summary>
		<summary lang="pt_BR">Proteger o Conteúdo do Kodi com um Código Pin</summary>
		<description lang="bg">Принуждава потребителите да въвеждат определен PIN код за да им бъде предоставен достъп до посочено съдържание.</description>
		<description lang="de">Von Anwendern die Eingabe der korrekten PIN für den angegebenen Inhalt erzwingen.</description>
		<description lang="en">Force users to enter the correct pin code for given content.</description>
		<description lang="en_US">Force users to enter the correct pin code for given content.</description>
		<description lang="fr">Force les utilisateurs à saisir le bon code PIN pour un contenu donné.</description>
		<description lang="fr_CA">Forcer les utilisateurs à saisir le bon NIP pour un contenu donné.</description>
		<description lang="ko">특정 콘텐츠에서 PIN 코드 입력을 요구합니다.</description>
		<description lang="lt">Reikalauti vartotojų įvesti teisingą PIN kodą pasirinktam turiniui.</description>
		<description lang="nl">Forceer gebruikers een geldige PIN in te voeren voor gegeven content.</description>
		<description lang="pl">Wymusza na użytkownikach wprowadzenie poprawnego kodu PIN, przez uzyskaniem dostępu do danej zawartości.</description>
		<description lang="pt_BR">Força o usuário a entrar o código Pin correto para lhe dar acesso aos conteúdos.</description>
		<language></language>
		<platform>all</platform>
		<license>See LICENSE.txt</license>
		<forum>http://forum.kodi.tv/showthread.php?tid=292719</forum>
		<source>https://github.com/robwebset/script.pinsentry</source>
	</extension>
</addon>
