<?xml version="1.0" encoding="UTF-8" standalone="yes"?>
<addon id="resource.images.musicgenreicons.grey" name="Music Genre Icons - Grey" version="0.0.6" provider-name="Team Kodi">
	<extension point="kodi.resource.images" compile="true" type="musicgenreicons" />
	<requires>
		<import addon="kodi.resource" version="1.0.0"/>
	</requires>
	<extension point="xbmc.addon.metadata">
		<summary lang="en">Grey Music Genre Icons</summary>
		<description lang="en">Grey Music Genre Icons</description>
		<platform>all</platform>
	</extension>
</addon>
