<?xml version="1.0" encoding="utf-8" standalone="yes"?>
<channel>
	<id>seriesdanko</id>
	<name>Seriesdanko</name>

	<active>true</active>
	<adult>false</adult>
	<language>es</language>

	<fanart></fanart>
	<thumbnail>http://media.tvalacarta.info/pelisalacarta/squares/seriesdanko.png</thumbnail>
	<bannermenu>http://media.tvalacarta.info/pelisalacarta/bannermenu/seriesdanko.png</bannermenu>

	<update_url>https://raw.githubusercontent.com/tvalacarta/pelisalacarta/master/python/main-classic/channels/</update_url>
	<version>9</version>

	<changes>
		<change>
			<date>02/05/2017</date>
			<autor>SeiTaN</autor>
			<changes>cambio dominio</changes>
		</change>
		<change>
			<date>27/01/2017</date>
			<autor>SeiTaN</autor>
			<changes>Fix añadir serie desde la búsqueda.</changes>
		</change>
	</changes>




	<categories>
		<category>serie</category>
		<category>vos</category>
	</categories>

	<settings>
		<id>include_in_global_search</id>
		<type>bool</type>
		<label>Incluir en busqueda global</label>
		<default>false</default>
		<enabled>true</enabled>
		<visible>true</visible>
	</settings>
</channel>
